code,product_name,brands,ingredients_text,quantity,silver_beverage_type,manual_beverage_type,silver_sugar_class,manual_sugar_class,silver_is_organic,manual_is_organic,silver_is_carbonated,manual_is_carbonated,silver_nutri_score_grade,manual_nutri_score_grade,silver_nova_group,manual_nova_group,silver_protein_class,manual_protein_class,silver_is_vegan,manual_is_vegan
## ЛЕГЕНДА (не заполнять — удалить эту строку перед сохранением),,,,,(текущий эталон),water|juice|soda|tea|coffee|dairy|sport|other,(текущий эталон),0|low|med|high|None,(текущий эталон),True / False / None,(текущий эталон),True / False / None,(текущий эталон),A|B|C|D|E|None,(текущий эталон),int,(текущий эталон),0|low|med|high|None,(текущий эталон),True / False / None
4061458013321,Sahne kefir,Gut & Günstig,"Sahnekefir mild, Heidelbeerzubereitung, (Heidelbeeren, Zucker, Heidelbeerpüree aus Heidelbeerpüreekonzentrat, Stärke, Verdickungsmittel: Johannisbrotkernmehl, Pektine;Säureregulator: Natriumcitrate, Aroma), Zucker",250 g,dairy,,,,False,,False,,E,,4,,,,False,
7501086801015,Agua purificada sin sodio,Epura,Agua purificada,1.5 L,water,,0,,False,,False,,B,,1,,0,,True,
3298020744654,Syrah 2014,"Les Vignobles Foncalieu, Puychéric",Vin (_sulfites_),375 ml,,,0,,False,,False,,,,3,,0,,,
7790710334702,Frutos del Bosque,CBSé,"Yerba Mate elaborada con palo, Rosa mosqueta, AROMATIZANTE (Saborizante de Frutos Rojos).",500 g,,,,,False,,False,,,,4,,,,,
7771802001313,Té con canela y limón,Windsor,"Té negro, canela, limón, hibisco, regulador de acidez (SIN 330), saborizantes idénticos al natural (saborizante idéntico al natural de limón, saborizante idéntico al natural de canela).",34 g (20 x 1.7 g),tea,,,,False,,False,,,,1,,,,,
40678047,Lübzer Pils,Lübzer,"Wasser, Gerstenmalz, Hopfen",500 ml,,,,,False,,True,,,,3,,,,True,
8017596005656,Thè limone,"Blues, Eurospin","Acqua, zucchero, fruttosio, aromi, acido citrico, estratto di tè (0,1%), succo di limone da concentrato (0,1%), acido ascorbico, sucralosio","0,5",tea,,med,,False,,False,,E,,4,,0,,,
3760056650204,Vin rouge biologique AOC Anjou (fontaine de 5 L),Domaine Babin Billy,Vin rouge biologique cépage Cabernet (_sulfites_),5 L,,,,,True,,False,,,,,,,,True,
3350031780295,MONOPRIX BIO 100% PUR JUS  D'ORANGE,MONOPRIX BIO !,Jus d'orange*. * ingrédient issu de l'agriculture biologique.,1 L,juice,,med,,True,,False,,C,,1,,0,,True,
3350031936050,Thé vert aromatisé mûre Bio Monoprix,Monoprix,Thé vert* 63% - feuilles de frêne* 26% - arôme naturel de mûre avec autres arômes naturels 7% - thalle de fucus 4%.,30 g,tea,,0,,True,,False,,B,,4,,0,,,
0070177057374,Twinings Herbal Infusions Pure Camomile,Twinings,Camomile,10g,tea,,,,False,,False,,,,1,,,,True,
3760262450421,Golden Bridge,"Grizzly, Grizzly Microbrasserie","EAU, MALT D'_ORGE_, BLÉ, HOUBLONS, LEVURES (BIÈRE NON PASTEURISÉE)",33cl,,,,,False,,True,,,,3,,,,True,
8410128670412,Batido sabor vainilla,Pascual,"Leche parcialmente desnatada al 1% M.G.(93%), azúcar, estabilizantes: E-339,E-331,E-407, aroma y colorantes: E-100, E-120.",200 ml,dairy,,med,,False,,False,,C,,4,,low,,False,
7790742106605,Leche Descremada en Polvo Instantánea,La Serenisima,"Leche descremada, vitamina A, vitamina B9, vitamina D, emulsionante (lecitina de soja)",400 g,,,,,False,,False,,,,4,,low,,False,
3251091200511,Bordeaux AOC 2010 Bio Château Vieux Gabiran,Château Vieux Gabiran,Vin rouge Bio,75 cl,,,low,,True,,False,,,,3,,0,,,
5010019601346,Whisky Ecosse blended sans âge 150 cl Long John,Long John,Whisky écossais,150 cL,,,0,,False,,False,,,,3,,0,,,
5010019601742,Whisky Ecosse blended sans âge 70 cl Long John,Long John,Whisky écossais,70 cl,,,0,,False,,False,,,,3,,0,,,
4270001014603,Bio Apfelsaft naturtrüb,Bio Streuobst-Hof Stöckl,100% Bio-Apfelsaft,3 L,juice,,,,True,,False,,C,,1,,,,True,
3245415367103,L'Héritage de Carillan Sable de Camargue IGP 3L,L'Héritage de Carillan,Issu de Cépages typiques de la Camargue,3 L,,,,,False,,False,,,,,,,,,
3289196400314,Mini pur jus de Cranberry bio,Vitamont,Jus de cranberry,25 cl,juice,,low,,True,,False,,B,,1,,0,,True,
6973116300040,Pokémon : Canette d'eau pétillante au litchi,Qdol,"GB/T 许可证编 18286 浙江省 POKENY 宝可梦 TM CNintendo, Creatures GAME FREAK TV Tokyo Sh C.Pokemon. FOR SALE IN MAINLAND CHINA ONLY 【项目 营养成分表 每100毫升(ml) 营养素参考值% 或NRV 117千焦(kJ) 1% 0% 0克(g) | 碳水化合物 6.9克(g) 0% 0克(g) 2% 0% 0毫克(mg) | 能量 蛋白质 【脂肪 |钠 O FOR CHINA 73116&quot;300040 FF-2024 007871A) 合格 无蔗糖",330 ml,water,,med,,False,,True,,D,,,,0,,,
5901359000237,Tyskie Grand Prix,Tyskie,"Eau, malt d'orge, houblon.",500 ml,,,,,False,,True,,,,3,,,,True,
4056489172703,Joghurt Drink Erdbeer-Bananen,Milbona,"Joghurterzeugnis, Wasser, Zucker, modifizierte Stärke, 0,5% Erdbeersaft aus Erdbeersaftkonzentrat, 0,5% Bananensaft aus Bananensaftkonzentrat, Säureregulator: Natrium - citrate; Säuerungsmittel: Citronensäure; färbendes Karottenkonzentrat, Aroma (enthält Milch). Ungeöffnet unter +8 °C","750g, 705ml",dairy,,low,,False,,False,,B,,,,0,,,
5060337220408,Kefir cultured milk drink,bio tiful dairy,"Pasteurised cow's milk fermented with live kefir cultures Includes Bifidobacterium, Lactobacillus acidophilus lare plantarum, Lactobacillus casei, Lactobacillus rhamnosus",250ml,dairy,,low,,True,,False,,,,1,,low,,,
9313559588235,11 today,Hip hip,PC2021 6. 9 1 || 313559 588235 Made in China,hooray,,,,,False,,False,,,,,,,,,
5011348023632,HOBGOBLIN GOLD BEER,Hobgoblin,"ia AnaMAX Se 18 PLEASE ENJOY RESPONSIBLY The UK Medical Officers recommend adults do not regularly 1.9 drink more than 14 units per week. UK Units be drinkaware.co.uk 440mLe Recycle Alc. 4.2% Vol. 4.2% alc./vol. BEER/BIÈRE/CERVEZA/OL/OLUT/BIRRA Contains: barley, wheat / Contient : de l'orge, du blé / Contiene: cebada, trigo / Innehåller: korn, vete / Sisältää: ohra, vehnää / Contiene: orzo, grano. Produced by/Produit par / Producido por Producerad av / Tuottanut / Prodotto da: Carlsberg Marston's Brewing Co. Ltd., Wychwood Brewery, Witney, Oxfordshire, OX28 4DP, UK Carlsberg Breweries, J.C. Jacobsens Gade 1, 1799 København V. Denmark. Product of England / Produit d'Angleterre / Producto de Inglaterra/ Tillverkad i England / Englantilainen tuote / Prodotto dell'Inghilterra. Best before: See base / À consommer avant le: voir le fond / Consumir preferentemente antes del: ver por debajo / Bäst före: Se botten/Parasta ennen: katso pohjan / Da consumarsi preferibilmente entro: vedere fondo.",44cl,,,,,False,,True,,,,,,,,,
3222473216338,100 % Pur jus de pomme,Casino,Jus de pomme,1 l,juice,,high,,False,,False,,C,,1,,0,,True,
5010019601797,Whisky Ecosse blended sans âge 100 cl Long John,Long John,Whisky écossais,100 cl,,,0,,False,,False,,,,3,,0,,,
5413963300011,XX Bitter,De Ranke,"WATER, _BARLEY MALT_, HOPS, SUGAR, YEAST.",33 cL,,,,,False,,True,,,,3,,,,,
8001120721747,Bevanda alla pera,Coop,"Purea di pera 50%, acqua, succo di uva da concentrato 20%, succo di limone da concentrato, aromi naturali, vitamina C.",3×200ml,juice,,med,,False,,False,,C,,4,,0,,,
3464939208253,Lou Pas d'Estrech,Le Sauzet,Vin bio,75 cl,,,0,,True,,False,,,,3,,0,,,
8431876106527,Manzanilla,Carrefour BIO,Manzanilla ecológica.,"28 g (neto)  (20 x 1,4 g)",,,,,True,,False,,,,1,,,,True,
3770008430136,Rocket Fuel,Ibex,"EAU, _ORGE_, _BLÉ_, AVOINE, HOUBLONS, LEVURE, CO2",33cl,,,,,False,,True,,,,4,,,,True,
8001620003862,San Benedetto Thè Verde & Cactus,San Benedetto,"Acqua minerale naturale (80%), Zucchero, Sciroppo di fruttosio-glucosio, Succo dei cladodi di cactus opuntia (1%) da concentrato, Infuso di thè verde (0,2%), Acidificante: acido citrico, Aromi, Antiossidante: acido ascorbico, Edulcorante: sucralosio","1,5 l",tea,,low,,False,,False,,D,,4,,0,,,
4056489426219,High protein milk drink,QUALITÉ SUISSE,"Magermilch, Milchprotein, Wasser, Milchmineralstoffe, Laktase.",1L,,,low,,False,,False,,B,,4,,med,,False,
7790710000188,Silueta,CBSé,"Yerba Mate elaborada con palo, Poleo, Rosa Mosqueta, Hinojo, Menta, Cedrón, Boldo, Saborizante de Manzana, Vitaminas, Zinc.",500 g,,,,,False,,False,,,,1,,low,,,
9324492003167,Gloria Jeans Rich Dark Roast 16 Coffee Capsules,"Gloria Jeans,Caffitaly",100% Arabica Coffee,16 Capsules x8g - 128g,coffee,,,,False,,False,,B,,1,,,,True,
4056489676676,Sparkling Lemonade Lemon flavour,Duc De Coeur,"carbonated spring water, sugar, citric acid, natural flavorings, stabilizer: glycerol esters of wood rosin; colorings: curcumin, riboflavins","0,75 l",soda,,,,False,,True,,D,,4,,,,,
8436538824016,Vino tempranillo 2011,Gota de Oro,"Uvas rosas, sulfitos",75 cl,,,,,False,,False,,,,3,,,,,
20649616,Perlenbacher,perlenbacher,Contains Barley and Gluten.,500ml,,,,,False,,True,,,,3,,,,,
8001120715159,Macinato moka nero intenso,Coop,CAFFÈ MACINATO,250 g,coffee,,,,False,,False,,,,1,,med,,True,
3700214614990,Goyave passion ,Alter Eco,"eau, purée de goyave* (23,4%), jus de pomme à base de concentré* (10,3%), sucre de canne*, jus de fruit de la passion à base de concentré (2%), arôme naturel. - *ingrédients issus de l'Agriculture Biologique",75 cl,,,high,,True,,False,,E,,4,,0,,,
4002160052390,Orange,Granini,Orangensaft aus Orangensaftkonzentrat 100%.,6l,juice,,med,,False,,False,,C,,1,,low,,True,
0036731323002,bebida Gatorade lima limón 1lt pet,Gatorade,"Agua, Jarabe de maíz de alta fructuosa, Azúcar, Ácido cítrico, Sal, Citrato de sodio, Fosfato monopotásico, Goma arábiga, Goma éster, Saborizante natural sabor lima–limón, Tartrazina. Pasteurizado.",1 l,,,high,,False,,False,,E,,4,,0,,,
7708507552123,Agua sin gas,Cielo,"Información Nutricional Tamaño por porción 1 Vaso (240 ml) Porciones por envase aprox.: 10.5 Cantidad por porción Calorias 0 Valor Diario&quot; 0% Grasa total Og Sodio Omg Carbohidrato total Og Azucares 0g Proteina Og 0% 0% No es fuente significativa de Calorías de la Grasa, Dietaria, Vitamina A, Vitamina C, Calcio y Hierro. Grasa Saturadă, Grasa Trans, Colesterol, Fibra *Los porcentajes de Valores Diarios están basados en una dieta de 2000 calorías. FABRICADO POR: Km. 2 Vi : A IEOO",1,water,,,,False,,False,,A,,,,,,,
8435356172088,Maceta de tomillo,Ideal Chef,Tomillo.,1 planta,,,low,,True,,False,,B,,1,,med,,True,
3186127786267,Merlot Cabernet Sauvignon Pays d'Oc 2011 IGP Bio Cuvée des Jours Paisibles,Cuvée des Jours Paisibles,Vin rouge Bio,750 ml,,,low,,True,,False,,,,3,,0,,,
9120008990361,Rote Traube mit stillem Wasser,Höllinger,"druivensap, water","0,2 l",,,med,,True,,False,,E,,,,0,,True,
3760195901502,Fines bulles de fruits pomme et framboise,Coeur de Pom',"pommes 91 ,8% - framboise 7,8% - C02","27,5 cl",juice,,high,,False,,False,,E,,,,0,,,
5400141087482,Farrukh Hussain,"Colruyt, Everyday",Ingrédients,2 l,water,,,,False,,False,,A,,,,,,,
