code,product_name,brands,ingredients_text,quantity,silver_cereal_type,manual_cereal_type,silver_grain_type,manual_grain_type,silver_is_low_sugar,manual_is_low_sugar,silver_is_high_fibre,manual_is_high_fibre,silver_nova_class,manual_nova_class,silver_is_vegan,manual_is_vegan,silver_is_whole_grain,manual_is_whole_grain,silver_is_organic,manual_is_organic
3596710494194,Muesli fruits et baies,Auchan Bio,"Flocons d'AVOINE complets*, raisins secs* (raisins* 14%, huile de tournesol*), pétales de BLÉ*, baies de goji séchées* 4%, canneberges lyophilisées* 1%, myrtilles lyophilisées* 0,7%. *biologique. Traces éventuelles de fruits à coque, de soja, de lait, de graines de sésame, d'arachides.",0.5 kg,muesli,muesli,multigrain,multigrain,True,False,True,False,processed,processed,True,True,True,True,True,True
8001120847201,Fiocchi Croccanti con Frutta,"Bene si, Brüggen, Coop","Fiocchi di frumento integrale con crusca (85%) (frumento integrale (69%), crusca di frumento (12%), estratto di malto d'orzo, sale), miscela di frutta in pezzi (15%) (uvetta sultanina (7,6%), mele disidratate (2,2%), nocciole (tritate, tostate) (2,2%), chips di cocco (2,2%), banane liofilizzate (0,8%),",300 g,,muesli,,wheat,False,,True,True,processed,processed,,True,True,True,False,False
5010029000504,weetabix,Weetabix,"wholegrain _wheat_ (95%), malted _barley_ extract, sugar, salt, niacin, iron, riboflavin (b2), thiamin (bi), folic acid",225 gr,,other,,wheat,True,,True,,processed,processed,,True,True,True,False,False
7613032948719,Nestle Fitness Fruits Con Antiossidanti,Nestlé,"Cereali integrali 42,5% (_frumento_ integrale 37,3%, _avena_ integrale 5,2%), Riso 27,4%, Mix di frutta disidratata 25,7% [uvetta 10%, mirtilli rossi americani 5% (mirtilli rossi americani 3%, zucchero, umidifcante glicerolo, correttore di acidità acido citrico), ananas in pezzi 4,8% (ananas 3,7%, zucchero, correttore di acidità acido citrico, antiossidante anidride _solforosa_), papaia in pezzi 3,7% (papaia 2,8%, zucchero, correttore di acidità acido citrico, antiossidante anidride _solforosa_), cocco in scaglie 2%, mela 0,5%], Zucchero, Sciroppo di zucchero di canna parzialmente invertito, Estratto di malto d'_orzo_, Vitamine e minerali: carbonato di calcio, niacina, ferro, acido pantotenico, vitamina B6, riboflavina, acido folico, Sale, Sciroppo di glucosio, Antiossidante estratto ricco di tocoferolo",325 g,,mixed,,multigrain,False,False,True,False,ultra_processed,ultra_processed,,False,True,True,False,False
5010477353115,Crunchy Oat Granola Raisin & Almond,Jordans,"Wholegrain OAT Flakes (68%), Sugar, Raisins (7%), Sunflower Oil, Sultanas, Whole & Sliced ALMONDS (3.5%), Honey (1%), Sunflower Seeds, Natural Flavouring.",750g,muesli,granola,multigrain,oat,False,False,True,False,ultra_processed,ultra_processed,False,False,True,True,False,False
8012666007035,Fibra STICKS,Carrefour,"Crusca di _frumento_ 78%, zucchero, estratto di malto d'_orzo_, glutine di _frumento_, farina di malto d'_orzo_, sale. Può contenere arachidi, frutta a guscio, prodotti a base di latte, soia e semi di sesamo.",375 g,,other,,wheat,False,False,True,True,ultra_processed,processed,,True,False,True,False,False
3350031931512,Céréales soufflées au chocolat Bio,MONOPRIX BIO !,"Farine de _blé_* - chocolat* en poudre 29% (sucre de canne*, poudre de cacao*) - farine complète de _blé_* - _avoine_* - sirop de malt d'_orge_* - sucre de canne* - émulsifiant : carbonate de calcium - extrait de vanille*.",375 g,,chocolate_cereal,,wheat,False,False,True,False,ultra_processed,ultra_processed,,True,False,True,True,True
3700214613931,Muesli croustillant choco bio Alter Eco,Alter Eco,"céréales complètes** (flocons d'avoine**, flocons de blé**, flocons de seigle**, flocons d'orge**), sucre de canne mascobado*, pépites de chocolat noir* 10% (pâte de cacao*, sucre de canne roux*, beurre de cacao*, émulsifiant : lécithine de tournesol, extrait naturel de vanille*) (cacao : 60% minimum), pétales de blé**, soufflettes de céréales cacaotées* (riz*, poudre de cacao maigre* : 6,9%, blé*, avoine*, orge*, sucre de canne*, malt d'orge*), noisettes*.",375 g,muesli,granola,multigrain,multigrain,False,False,True,False,ultra_processed,ultra_processed,,True,False,True,True,True
8001300804994,"Multigrain di Riso, Frumento integrale e Orzo","Despar, Spar","FIOCCHI ESTRUSI DI RISO, FRUMENTO INTEGRALE E ORZO CON FRUTTI ROSSI, ARRICCHITI CON 7 VITAMINE E FERRO INGREDIENTI: riso (47,5%), farina di frumento (grano) integrale (16,6%), farina di riso (8,1%), zucchero, farina di orzo (7,1%), mix di frutti liofilizzati in proporzione variabile (ciliegie, fragole, lamponi) (5%), glutine di frumen - to (grano), germe di grano, latte scremato in polvere, malto d'orzo, amido di frumento (grano), sale, emul - sionante: lecitina di soia; vitamine [acido folico (B9), vitamina B12, vitamina B6, acido pantotenico (B5), nia - cina, tiamina (B1), riboflavina (B2)], minerali (ferro). Può contenere arachidi, nocciole, mandorle, senape, semi di sesamo, solfiti.",300,,mixed,,multigrain,False,False,True,False,,ultra_processed,,False,True,True,False,False
7613032779566,chocapic,"Nestlé, Chocapic","Farine de BLÉ complet 37,5 %, farine de BLÉ 18,5 %, chocolat en poudre 18,1 % (sucre, cacao en poudre*), semoule de maïs, sirop de glucose, extrait de malt d'ORGE (ORGE, ORGE malté), huile de tournesol, carbonate de calcium, sucre, farine d'ORGE malté, émulsifiant : lécithines ; sel, arômes naturels, fer, vitamines B3, B5, D, B6, B1, B2, B9. Peut contenir du LAIT et des FRUITS À COQUE. *Bilan massique certifié Rainforest Alliance. www.ra.org/fr. Nestlé achète une quantité de cacao certifié Rainforest Alliance équivalente à celle nécessaire pour ce produit.",1000 g,chocolate_cereal,chocolate_cereal,,wheat,False,False,True,False,ultra_processed,ultra_processed,,False,True,True,False,False
4061458179003,Schoko Müsli,Knusperone,"Vollkorn-Haferflocken (82 %), Reis-Kakao-Extrudat (Reismehl, Zucker, Glukosesirup, fettarmes Kakaopulver, Kakaopulver, Salz), Vollmilchschokoladenstücke (Zucker, Kakaomasse, Vollmilchpulver, Kakaobutter, Emulgator: Sonnenblumenlecithine), Zartbitterschokoladenstücke (Kakaomasse, Zucker, Kakaobutter, Emulgator: Sonnenblumenlecithine), gehackte Mandeln (2 %). Kann Erdnüsse, weitere Schalenfrüchte, Sojaerzeugnisse und Sesamsamen enthalten. Da es sich bei diesem Müsli um ein Naturprodukt handelt, kann trotz größter Sorgfalt nicht ausgeschlossen werden, dass Kern-, Stein - oder Schalenteile enthalten sind.",375g,chocolate_cereal,muesli,multigrain,oat,False,False,True,False,ultra_processed,ultra_processed,False,False,True,True,False,False
3350031937804,Muesli croustillant fruits rouges Bio Monoprix,MONOPRIX BIO !,"Flocons d'AVOINE* 41% - sucre de canne* - farine de BLÉ - huile de tournesol* - riz* 3,8% - flocons de BLÉ* 3,6% - flocons de SEIGLE* 3,6% - flocons d'ORGE* 3,6% - noix de coco râpée séchée* 2% - miel* - canneberges séchées* 1% - framboises lyophilisées* 0,7% - BLÉ* 0,48% - fraises lyophilisées* 0,3% - myrtilles lyophilisées* 0,3% - AVOINE* 0,29% - sel. Traces possibles de FRUITS À COQUE, SOJA, GRAINES DE SÉSAME, LAIT et ARACHIDES. * ingrédients issus de l'agriculture biologique.",375 g,muesli,granola,multigrain,multigrain,False,False,True,False,processed,ultra_processed,False,False,False,True,True,True
4000540000641,Bio-Haferflocken zart,Kölln,Haferflocken.,500g,oat_cereal,oat_cereal,oat,oat,True,True,True,True,natural,natural,True,True,False,True,True,True
8002330008857,Chejoy,"Esselunga, Esselunga Chejoy","cereali (semola di riso, farina di frumento 19%, farina di avena, farina di frumento integrale 2,4%), crema al cioccolato e alle nocciole 35% [zucchero, oli vegetali (girasole, cocco), siero di latte in polvere, cioccolato 4,5% (zucchero, cacao in polvere, burro di cacao), nocciole 1%, emulsionante: lecitina di girasole, aroma naturale], zucchero, inulina, vitamine [niacina (PP), vitamina E, B6, riboflavina (B2), tiammina (B1), acido folico (B9), B12)], ferro, colorante: beta - carotene, sale, antiossidante: estratto ricco in tocoferolo, antiagglomerante: carbonato di calcio.  Può contenere tracce di altra frutta a guscio e soia.",375 g,,chocolate_cereal,,multigrain,False,False,True,False,ultra_processed,ultra_processed,False,False,True,False,False,False
9009865004063,Bio Beeren Porridge,Ja! Natürlich,"HAFERVOLLKORNFLOCKEN* 76%, Puffreis* 8%, Datteln* getrocknet 7%, Marillen* getrocknet 6%, Beeren* gefriergetrocknet 3% (Himbeeren 2,1%, rote Johannisbeeren* 0,8%, Erdbeeren 0, 1%), Reismebl*. *aus biologischer Landwirtschaft",450 g,oat_cereal,oat_cereal,,oat,False,True,True,True,natural,processed,,True,False,True,True,True
7613034356468,Cereali a forma di biscotto Cookie Crisp,Nestlé,"Cereali (frumento integrale 35,1%, farina di mais 28,5%, farina di frumento 1 zucchero, sciroppo di glucosio, amido di frumento, zucchero di canna, oli vegetali (palma, girasole), cacao magro in polvere 1,2%, sale, cacao, aromi naturali, agente lievitante carbonati di sodio, correttore di acidità fosfati di potassio, amido di mais, vitamine e minerali (Carbonato di calcio, Niacina, Acido pantotenico, Ferro, Vitamina D, Acido Folico, Vitamina B6, Riboflavina).",260 g e,chocolate_cereal,chocolate_cereal,,multigrain,False,False,True,False,ultra_processed,ultra_processed,,False,True,True,False,False
3760222470650,Flocons de Sarrazin bio,Jean-Pierre Cloteau,Flocons de sarrasin nature.,125 g,,other,,other,True,True,True,False,,natural,,True,False,True,True,True
8003170055797,Fiocchi di avena,"Conad, Verso Natura",Fiocchi d'avena,350 g,oat_cereal,oat_cereal,oat,oat,True,True,True,True,natural,natural,True,True,False,True,True,False
5000108022176,PORAGE OATS ORIGINAL TRADITIONAL SMOOTH CUT,Scott's,100% Rolled Oats,1 kg,oat_cereal,oat_cereal,oat,oat,True,True,False,True,natural,natural,True,True,False,True,False,False
0038000148101,Kellogg's Honey Smacks,"Honey Smacks,Kellogg's","Whole grain wheat, sugar, glucose syrup, honey, palm oil 2%, fruit juice (color), salt, canola lecithin, mixed tocopherols (vitamin e).",23 oz (1 lb 7 oz) 652 g,,other,,wheat,False,False,False,False,ultra_processed,ultra_processed,False,False,True,True,False,False
0011110030726,Peanut Butter Sweetened Multi-Grain Toasted Cereal,Kroger,"WHOLE GRAIN CORN FLOUR, SUGAR, PEANUT BUTTER (PEANUTS, DEXTROSE, MONOGLYCERIDES, SALT), WHOLE GRAIN BARLEY FLOUR, WHOLE GRAIN BROWN RICE FLOUR, WHOLE GRAIN OAT FLOUR, WHOLE GRAIN SORGHUM FLOUR, DEXTROSE, SALT, TRISODIUM PHOSPHATE, COLOR ADDED, MIXED TOCOPHEROLS (ADDED TO PRESERVE FRESHNESS). VITAMINS AND MINERALS: CALCIUM CARBONATE, SODIUM ASCORBATE (VITAMIN C), REDUCED IRON, NIACINAMIDE, ZINC OXIDE, PYRIDOXINE HYDROCHLORIDE (VITAMIN B6), RIBOFLAVIN (VITAMIN B2), THIAMINE MONONITRATE (VITAMIN B1), VITAMIN A PALMITATE, FOLIC ACID, VITAMIN D, VITAMIN B12. CONTAINS: PEANUTS.",11.3,,other,,multigrain,False,False,False,False,ultra_processed,ultra_processed,,False,True,True,False,False
5059319004792,Dark Choco,"Kellogg's, Krave","Farine di cereali (53%) (_frumento_, _avena_, riso), ripieno al cioccolato (zucchero, oli vegetali (palma, girasole, colza} in proporzioni variabili, cioccolato (5%) { cacao magro in polvere, pasta di cacao, burro di cacao, zucchero), cacao magro in polvere, amido, burro di cacao, emulsionante (lecitina di soia)), zucchero, sale, coloranti (norbissina di annatto, caroteni), antiossidanti (palmitato di ascorbile, alfa-tocoferolo), riboflavina, tiamina, vitamina B6, vitamina B12.",410 g,chocolate_cereal,chocolate_cereal,,multigrain,False,False,False,False,ultra_processed,ultra_processed,True,False,False,False,False,False
7610023000173,Nature Crunch,bio-familia,"_Flocons d'avoine_ complète, _flocons d'engrain_ 24.5%, riz, huile de tournesol, oligofructose, maïs, farine complète (_blé_, _seigle_, _orge_), poudre de cacao maigre, sel. Peut contenir lait, soja, amandes, noisettes, noix de pécan, noix de cajou, sésame",450 g,muesli,muesli,multigrain,multigrain,True,False,True,False,processed,processed,True,True,False,True,False,False
7501071305184,Granola 5 Semillas,Branli,"Avena 47%, azúcar, arándano deshidratado 5% (arándano, azúcar y aceite vegetal), maltodextrina, semilla de girasol 4 %, coco rallado azucarado, amaranto 3%, aceite vegetal, miel de abeja, linaza 2%, salvado de trigo, ajonjoli 1%, pepita de calabaza 1%, saborizante natural, sal yodada, tocoferoles concentrados (mezcla).",330 g,,granola,,oat,False,False,True,False,ultra_processed,ultra_processed,False,False,False,False,False,False
7758574003493,Avena Multisemillas,Quaker,"Hojuelas de avena (92.5%), semillas de linaza (4%), hojuelas de cañihua (2.5%), semillas de chía (1%).",450 g,oat_cereal,oat_cereal,oat,multigrain,False,True,True,True,natural,processed,,True,False,True,False,False
4316268486743,Crunchy Nuss-Knuspermüsli,"Korn Mühle, Netto","70% _Hafervollkornflocken_, Zucker, Palmöl, Glukose-Fruktose-Sirup, Oligofruktose, 2% gehobelte _Mandeln_, 2% _Cashewkerne_, 1% geröstete gehackte _Haselnusskerne_, Maisstärke, Magermilchpulver, Speisesalz.",600 g,muesli,granola,multigrain,oat,False,False,True,False,ultra_processed,ultra_processed,False,False,False,True,False,False
7771718360054,Gozito,"Chocolates Gozo,Gozito","Cobertura de chocolate con leche (Azúcar, pasta de cacao, manteca de cacao, leche entera en polvo, emulsionante (E-322), saborizante artificial a vainilla), extruidos de maíz, azúcar, glaseante (E-414), jarabe de glucosa.",200 g,,chocolate_cereal,,corn,False,False,False,False,ultra_processed,ultra_processed,False,False,False,False,False,False
5053827182225,Extra choccolato al latte,Kellogg’s,"Fiocchi d'avena (47%), zucchero, olio di palma non idrogenato, pezzi di cioccolato al latte (14%) {zucchero, burro di cacao, latte intero in polvere, pasta di cacao, oli vegetali non idrogenati [palma, karitè, shorea robusta (sal), mango] in proporzioni variabili, emulsionante (lecitina di soia)), farina di frumento (8%), cocco disidratato, melassa, sale, estratto di malto d'orzo, cannella, vitamine (niacina, B6, B2, B1, acido folico, B12) e ferro.",375 g,chocolate_cereal,granola,,oat,False,False,False,False,ultra_processed,ultra_processed,False,False,False,False,False,False
20152917,Corn flakes,Crownfield,"92% maiz de La Plata (origen: Argentina), azúcar, extracto de malta de cebada, sal.",500g,,corn_flakes,,corn,False,False,False,False,processed,ultra_processed,,True,False,False,False,False
0016000487697,Multi Grain Cheerios,Cheerios,"Whole Grain Oats, Whole Grain Corn, Sugar, Whole Grain Rice, Corn Starch, Brown Sugar Syrup, Salt, Tripotassium Phosphate, Color (caramel color, annatto extract). Vitamin E (mixed tocopherols) (Added to Preserve Freshness). Vitamins and Minerals [Calcium Carbonate, Iron (mineral nutrients), Zinc (mineral nutrients), A B Vitamin (niacinamide), Vitamin C (sodium ascorbate), A B Vitamin (calcium pantothenate), Vitamin B6 (pyridoxine hydrochloride), Vitamin B2 (riboflavin), Vitamin B1 (thiamin mononitrate), A B Vitamin (folic acid), Vitamin B12, Vitamin A (palmitate), Vitamin D3].",12 oz (340 g),,mixed,,multigrain,False,False,True,False,ultra_processed,ultra_processed,,True,True,True,False,False
3222475651298,Flocons d'avoine,Casino bio,"Avoine** Ingrédients issus de l'agriculture biologique. Fabriqué dans un atelier qui utilise des fruits à coque, du soja, des graines de sésame, des produits laitiers et de l'arachide.",500 g,oat_cereal,oat_cereal,oat,oat,True,True,True,True,natural,natural,True,True,False,True,True,True
20774998,Schoko Hafer-Müsli,Crownfield,"78 % Hafervollkornflocken, Reis-Kakao-Extrudat [Reismehl, Zucker, fettarmes Kakaopulver, Vollmilchschokolade (Zucker, Kakaobutter, Vollmilchpulver, Kakaomasse, Emulgator: Lecithine), Glukosesirup, Gerstenmalzextrakt, Sonnenblumenöl, Speisesalz, natürliches Kakao-Aroma], 5 % Zartbitterschokoladen - plättchen (Kakaomasse, Zucker, Kakaobutter, Emulgator: Lecithine), 5 % Vollmilchschokoladenplättchen (Zucker, Kakaomasse, Vollmilchpulver, Kakaobutter, Emulgator: Lecithine).",750 g,chocolate_cereal,muesli,multigrain,oat,True,False,True,False,ultra_processed,ultra_processed,False,False,False,True,False,False
7754159001243,Avena,Santa Catalina,para consejos generales de nutrición. Aproximadamente 7 porcioNes faformación Nutriclonal ació Tamaño de porción 1/2 taza (40g) Cantidad por porción Calorías 160 % Valor Diario* Grasa Total 3.0 g 4% Grasa Saturada 1 g 3% Grasa Trans 0 g Colesterol 0 mg Sodio 0 mg 0% 0% Carbohidratos totales 27 g 10% Fibra Dietaria 4 g 14% Azúcares Totales 1 g Azúcares Añadidos 0 g 0% Proteínas 5 g Calcio 27 mg 3% 7% Hierro 2 mg Zinc 1 mg 6% &quot;El % de valor diario (DV) le dice cuánto contribuye un nutriente en una porción de alimentos a una dieta diaria de 2000 calorias 04/01/23 01:1 LIO IFLAS PRECOC ON Catama 1986,280 gr,,oat_cereal,,oat,False,True,False,True,,natural,,True,False,True,False,False
4056489193029,Neo bits,Lild,"Mehl (26 % Weizenvollkorn, 16 % Weizen), Creme mit Vanillegeschmack (Zucker, Palmöl, Maltrodextrin, Reismehl, Rapsöl, Magermilchpulver, Füllstoff: Calciumcarbonate; natürliches Aroma, Emulgator: Lecithine; Antioxidationsmittel: Alpha-Tocopherol), Zucker, 5 % fettarmer Kakao (fettarmer Kakao, Säureregulatoren: Natriumhydroxid, Kaliumcarbonate), 4% Maisvollkorngrieß, Speisesalz. Kann Spuren von anderen glutenhaltigen Getreiden, Schalenfrüchten, Soja und Erdnüssen enthalten.",500g,,chocolate_cereal,,wheat,False,False,True,False,ultra_processed,ultra_processed,False,False,False,True,False,False
5053827187343,Granola cioccolato e nocciole,"Kellogg's, kellogs","Avena integrale 48%, zucchero, olio di palma, pezzi di cioccolato 11% (zucchero, pasta di cacao, burro di cacao, grassi vegetali (palma, karitè), grassi del latte, emulsionante (lecitina di soia)), farina di frumento, nocciole 3%, sale, melassa, cocco essiccato, estratto di malto d'orzo.  Può contenere: glutine, frutta a guscio.",500g,chocolate_cereal,granola,multigrain,oat,False,False,True,False,ultra_processed,ultra_processed,False,False,True,True,False,False
7771214002755,Frutaritos,"Venado,Frutaritos","Harina de arroz, harina de trigo fortificada, azúcar, agua, harina de maíz, leche descremada en polvo, sal, leudante (bicarbonato de sodio), regulador de acidez (E330), saborizantes artificiales (fresa, naranja, piña, mora, limón), colorantes artificiales (Tartrazina, E129, E110, E133), Ácido Ascórbico (Vitamina C), Niacinamida (Vitamina B3), Ortofosfato Férrico, Sulfato de Zinc, Clorhidrato de Piridoxina (Vitamina B6), Riboflavina (Vitamina B2), Mononitrato de Tiamina (Vitamina B1), Vitamina A, Ácido Fólico, Vitamina K, Vitamina D, Vitamina B12.",220 g,,other,,multigrain,False,False,False,False,ultra_processed,ultra_processed,False,False,False,False,False,False
5050083519116,Choco Krispies,Kellogg's,"Arroz, Azúcar, Cacao desgrasado en polvo, Maltodextrina, Pasta de cacao, Sal, Aroma de malta de cebada, Aroma, Aroma natural. VITAMINAS Y MINERALES: Niacina, Hierro, Vitamina B6, Riboflavina (B2), Tiamina (B1), Ácido fólico, Vitamina D, Vitamina B12.",600 g,,chocolate_cereal,,rice,False,False,False,False,ultra_processed,ultra_processed,,True,False,False,False,False
4306188055846,Traube-nuss-müsli,Jeden Tag,"23% fiocchi integrali di _avena_, 23% fiocchi integrali di _frumento_, 22% fiocchi integrali di _segale_, 15% uva sultanina, 3% _nocciole_, semi di lino, fiocchi di cocco, 2% _arachidi_ (dimezzate e tostate), 2% _mandorle_, cornflakes (mais, zucchero, sale, estratto di malto d'_orzo_), semi di girasole. Può contenere tracce di altra _frutta a guscio_, _senape_, _lupini_, _latte_, _soia_ e _sesamo_.",1000g,muesli,muesli,multigrain,multigrain,False,False,True,True,processed,processed,False,False,True,True,False,False
7613287256256,Shreddies The Simple One,Nestle,"Whole Grain Wheat (107.7%), Banana Puree (7.0%), Date Syrup (3.5%), Salt. ALLERGY ADVICE: For allergens, including cereals containing gluten, see ingredients in bold. May also contain Nuts.",460g,,other,,wheat,True,True,True,,processed,processed,True,True,True,True,False,False
5000127163096,Special K The Original,Kellogg's,"Rice (47%), wholewheat (37%), sugar, barley (5%), malted barley flour, salt, barley malt extract, niacin, iron, riboflavin, thiamin, vitamin B6, folic acid, vitamin D, vitamin B12.",750 g,,other,,multigrain,False,False,True,False,processed,ultra_processed,,True,True,True,False,False
8001300803331,Muesli con semi e frutti di bosco,"Despar, Spar","Fiocchi di avena integrale&quot;, fiocchi d'orzo integrale&quot;, fiocchi di Frumento integrale&quot;, fiocchi di segale integrale&quot;, fiocchi di riso e frumento integrale tostati&quot; (riso&quot;, Frumento integrale&quot;, zucchero di canna&quot;, glutine di Frumento', farina di Frumento, estratto di malto d'orzoʻ, sale marino, emulsionante: lecitine di girasole), semi di lino&quot; (5%), semi di girasole (3%) amaranto soffiato, semi di zucca (2%), lamponi liofilizzati a pezzi (2%), more liofitizzate (2%), mirtilli neri liofilizzati (2%).",350,muesli,muesli,multigrain,multigrain,True,False,True,True,ultra_processed,processed,,True,True,True,True,False
0030000315507,Real Medleys Apple Walnut,"Quaker, Real Medleys","WHOLE GRAIN ROLLED OATS, MULTI GRAIN BLEND (WHOLE GRAIN ROLLED OATS, ROLLED BARLEY, WHOLE GRAIN ROLLED RYE), DRIED SWEETENED APPLES (APPLES, SUGAR), DRIED SWEETENED CRANBERRIES (CRANBERRIES, SUGAR), WALNUTS COATED WITH ROSEMARY EXTRACT, BROWN SUGAR, DEHYDRATED APPLES (APPLES, SUGAR, FRUCTOSE, CINNAMON, MALIC ACID, SODIUM SULFITE), WHOLE GRAIN ROLLED WHEAT, SALT, CINNAMON, NATURAL FLAVOR.",2.64 oz (75 g),muesli,oat_cereal,multigrain,multigrain,False,False,True,False,ultra_processed,ultra_processed,,False,True,True,False,False
7702103002143,Müsli Manzana,"Kellogg's,Müsli","Mezcla de cereales (hojuela de avena 20%, maíz, arroz, salvado de trigo), azúcar, pasas, manzana deshidratada 3%, extracto de malta, sal, hierro reducido (hierro), colecalciferol (vitamina D3), cianocobalamina (vitamina B12), mononitrato de tiamina (vitamina B1), piridoxina (vitamina B6), ácido fólico.",300 g,muesli,muesli,multigrain,multigrain,False,False,True,False,processed,ultra_processed,,True,False,False,False,False
4000540003130,Crunchy Choc-Choc-Choc - Hafer-Müsli,Kölln,"Vollkorn-_Haferflocken_ (47 %), Zucker, Palmöl, _Weizenmehl_, Vollkorn-_Weizenflocken_ (4%), Glukose-Fruktose Sirup, Kakaomasse*, Vollkorn-_Hafermehl_ (3%), Kakaobutter*, _Vollmilchpulver_, fettarmes Kakaopulver*, _Magermilchpulver_, _Gerstenmalzextrakt_, Maisstärke, Speisesalz, Emulgator Lecithine, natürliches Aroma (enthält _Milch_).  *Rainforest Alliance-zertifiziert",400g,chocolate_cereal,muesli,multigrain,oat,False,False,True,False,ultra_processed,ultra_processed,False,False,True,True,False,False
4311501720042,Cornflakes,Gut & Günstig,"Mais, Gerstenmalzextrakt, Speisesalz",500g,corn_flakes,corn_flakes,corn,corn,True,True,False,False,processed,processed,True,True,False,False,False,False
0038000196218,Protein Honey almond ancient grains,"Special K,Kellogg's, Kellogg, Kelloggs","Whole wheat, sugar, rice, wheat gluten, soy protein isolate, sorghum, black rice, almonds, wheat bran, honey, contains 2% or less of salt, natural flavors, bht for freshness. vitamins and minerals: calcium carbonate, reduced iron, vitamin b6 (pyridoxine hydrochloride), vitamin b2 (riboflavin), folic acid, niacinamide, vitamin d3.",312 g,,other,,multigrain,False,False,True,False,ultra_processed,ultra_processed,False,False,True,True,False,False
9556174902202,Quaker Quick Cooking Oatmeal,Quaker,100% Oats,800 g,oat_cereal,oat_cereal,oat,oat,False,True,False,False,,natural,,True,False,True,False,False
4016249131876,Hildegard Dinkel-Müsli mit Amaranth,Allos,"Dinkelvollkornflocken* 68%, Rosinen* getrocknet 13%, Amaranth* gepoppt und gemahlen 12%, Birnen getrocknet 2,4%, Sauerkirschen getrocknet 1,5%, Mandeln gehobelt 1%, Flohsamen*, Zimt, Galgant, Bertram&quot;, Sonnenblumenöl*. *aus ökologischem Landbau. Kann Spuren von Milch, anderen Nüssen/Schalenfrüchten, Sesam, Soja und Weizen enthalten.",500 g,muesli,muesli,multigrain,wheat,True,True,True,True,processed,processed,True,True,False,True,True,True
3111900330085,Bombs miel,Favrichon,"Maïs* 74,4&, sucre de canne** non raffiné, miel 7,1%, sel de mer. Peut contenir des traces de lait et fruits à coque. * Ingrédients issus de l'agriculture biologique. ** Issus de l'agriculture biologique et du commerce équitable.",300g,chocolate_cereal,puffed_rice,,corn,False,False,False,False,processed,ultra_processed,False,False,False,False,True,True
8480012001073,Copos de avena,"eliges,IFA","Copos de avena (100%). Puede contener trazas de cacahuetes soja, productos lácteos, frutos de cáscara y granos de sésamo.",500g,oat_cereal,oat_cereal,oat,oat,True,True,True,True,natural,natural,True,True,False,True,False,False
3222474347352,Petale,Casino,"Riz 63% - _blé_ complet 21% - sucre - gluten de _blé_ - germes de _blé_ - sel - extrait de malt d'_orge_ - _lait_ écrémé en poudre - émulsifiant : mono - et diglycérides d'acides gras - arôme.traces de _fruits à coque_, d'_arachides_, de _graines de sésame_ et de _soja._",600 g,,puffed_rice,,rice,False,False,True,False,ultra_processed,ultra_processed,False,False,False,True,False,False
0058449450795,Hot & Steamy Porridge Oats,Nature's Path,"Gluten free rolled oats, raw cane sugar, diced apple (3.5%), flax seeds, flavouring, sea salt, cinnamon, brown sugar, maple sugar, rolled amaranth, rolled quinoa, sorghum flour, natural flavouring, sea salt.",224g,,oat_cereal,,oat,True,False,True,False,ultra_processed,processed,True,True,False,True,True,False
7613031291441,Chocapic,"Nestlé,Chocapic","Cereales 73% (Harina de maíz integral 38.9%, Harina de trigo 24.1%, Harina de trigo integral 10%), Jarabe de maltitol, Cacao en polvo 6.5%, Polidextrosa, Fuente de calcio (Carbonato de calcio), Sal, Licor de cacao 0.4%, Saborizantes naturales, Vitaminas y minerales (Niacina, Hierro, Pantotenato de calcio, Óxido de Zinc, Vitamina B1, Vitamina B6, Ácido fólico, Vitamina B2), Edulcorante (Sucralosa 0.040%), Edulcorante (Estevia 0.0074%), Antioxidante (Concentrado de tocoferoles mixtos 0.004%).",30 g,chocolate_cereal,chocolate_cereal,,multigrain,True,False,True,False,ultra_processed,ultra_processed,,True,True,True,False,False
2000000152508,Toñitos de Chocoate,"Toñitos,Tropical","Arroz, maíz, cacao, manteca de cacao, glucosa, leche, vainilla.",30 g,,chocolate_cereal,,multigrain,False,False,False,False,ultra_processed,ultra_processed,False,False,False,False,False,False
7591057001025,Corn Flakes,"Kellogg's,Corn Flakes","Maíz, azúcar, malta, sal, hierro reducido (hierro), colecalciferol (vitamina D), cianocobalamina (vitamina B12), mononitrato de tiamina (vitamina B1), piridoxina (vitamina B6), ácido fólico.",200 g,corn_flakes,corn_flakes,corn,corn,False,False,False,False,processed,ultra_processed,,True,False,False,False,False
8017596130266,Muesli croccante al cioccolato fondente e nocciole,"Tre Mulini, Eurospin","Muesli 86% [fiocchi d'AVENA integrale 47%, zucchero, estruso di riso e FRUMENTO 12% (farina di FRUMENTO, amido di mais, farina di malto d'ORZO, farina di riso, sale, farina di malto d'ORZO e FRUMENTO), olio di semi di girasole, farina di FRUMENTO, sale, sciroppo di zucchero caramellato, cocco grattugiato, antiossidante: estratto ricco di tocoferolo], pezzi di cioccolato fondente 11% (cacao 50%) (pasta di cacao, zucchero, burro di cacao, emulsionante: lecitine (colza)), NOCCIOLE tritate e tostate 3%. Può contenere tracce di ARACHIDI, altra FRUTTA A GUSCIO, SEMI DI SESAMO, LATTE, SOIA, SENAPE e LUPINI.",500g,chocolate_cereal,muesli,multigrain,multigrain,False,False,True,False,ultra_processed,ultra_processed,False,False,True,True,False,False
0038000045301,Cracklin' Oat Bran,Kellogg's,"Whole grain oats, sugar, wheat bran, vegetable oil (palm, palm kernel and/or soybean oil with TBHQ for freshness), oat bran, corn syrup, wheat starch, coconut, contains 2% or less of molasses, malt flavor, cinnamon, salt, baking soda, soy lecithin, natural and artificial flavor, nutmeg. Vitamins and Minerals: Vitamin C (sodium ascorbate and ascorbic acid), niacinamide, vitamin B6 (pyridoxine hydrochloride), vitamin B1 (thiamin hydrochloride), vitamin B2 (riboflavin), vitamin A palmitate, zinc oxide, calcium pantothenate, vitamin B12, reduced iron, folic acid, vitamin D.",482 g,,oat_cereal,,oat,False,False,True,True,ultra_processed,ultra_processed,,False,True,True,False,False
8003144003359,Fiocchi avena integrale mignon,"Ki, Ki Group","100% avena integrale biologica, Da agricoltura UE (Italiana), Allergeni: Può contenere soia, frutta a guscio, semi di sesamo e altri cereali",500 g,oat_cereal,oat_cereal,oat,oat,True,True,True,True,,natural,,True,True,True,True,True
14465871,Quinoa soufflé,Simplement bon et bio,Graines de quinoa soufflées issues de l'agriculture biologique,200 g,,other,,other,True,True,True,False,natural,processed,True,True,False,True,True,True
8436015590274,Copos de trigo,Biogoret,Copos de trigo*. (* Ingredientes procedentes de la agricultura ecológica).,500 g,,other,,wheat,True,True,True,False,natural,processed,True,True,False,False,True,True
5059319016542,Pépites d'avoine croustillantes - copeaux de chocolat noir,Kellogg's,"_Avoine_ complète (66%), chocolat noir (10%) (pâte de cacao, sucre, matière grasse du _lait_, émulsifiant {lécithine de tournesol)), sucre, huile de tournesol, farine de _blé_ (6%), fibre de maïs, sirop de glucose, _orge_ soufflé (2%), émulsifiant (lécithine de _soja_), arôme naturel d'épices, arôme naturel, extrait de malt d'_orge_.",320 g,chocolate_cereal,granola,multigrain,oat,True,False,True,False,ultra_processed,ultra_processed,False,False,False,True,False,False
29310692,Porridge Multigrain Oats,M&S Food,"Wholegrain Oat Flakes (39%), Wholegrain Barley Flakes (18%), Oat Bran (16%), Fructo-oligosaccharides, Wholegrain Rye Flakes (6%), Golden Linseed (5%), Wholegrain Spelt Flakes (5%)",500 g,,oat_cereal,,multigrain,True,True,True,True,ultra_processed,natural,True,True,True,True,False,False
7802000011313,Granola avena miel y almendras,Quaker,"Hojuela de avena tradicional (77%), oligofructosa, azúcar, maltitol, almendras fileteadas con piel (2,8%), grasa de palma, inulina, leche descremada en polvo, miel (0,4%), COCo rallado, saborizantes naturales. Contiene gluten (avena), nueces y derivados, leche y productos lácteos. Puede contener gluten (trigo), maní, soya y sus derivados.",380 g,muesli,granola,multigrain,oat,False,False,False,False,ultra_processed,ultra_processed,False,False,False,True,False,False
9000331606101,Knusper Müsli,Manner,"Vollkorn-_Haferflocken_ (47%), Zucker, Oligofruktose, _Weizenmehl_ (5%), pflanzliche Fette (Kokosfett, Palmfett), _Weizenvollkornmehl_ (5%), pflanzliche Öle (Palm, Sonnenblumen), gemahlene _Haselnüsse_ (2%), Kokosraspeln, fettarmes Kakaopulver, Glukosesirup, Salz, natürliches Aroma, Karamellzuckersirup, Emulgator: Lecithine (_Soja_), Backtriebmittel: Natriumhydrogencarbonat.",500 g,muesli,muesli,multigrain,multigrain,True,False,True,False,ultra_processed,ultra_processed,True,False,True,True,False,False
0074312785740,Multi Grain Cheerios,"General Mills,Cheerios","Whole Grain Oats, Whole Grain Corn, Sugar, Corn Starch, Corn Bran, Whole Grain Rice, Whole Grain Sorghum, Whole Grain Millet, Brown Sugar Syrup, Salt, Tripotassium Phosphate, Color (caramel color, annatto extract), Vitamin E (mixed tocopherols), Vitamins and Minerals (Calcium Carbonate, Zinc, Iron, niacinamide, calcium pantothenate, vitamin C (sodium ascorbate), Vitamin B6 (pyridoxine hydrochloride), Vitamin B2 (riboflavin), Vitamin B1 (thiamin mononitrate), folic acid, Vitamin A (palmitate), Vitamin B12, Vitamin D).",2 lb 5.5 oz (37.5 oz) 1.06 kg,,mixed,,multigrain,False,False,True,False,ultra_processed,ultra_processed,,True,True,True,False,False
4058172786150,Hafer Crunchy,"DmBio, dm","48% Bio Haferflocken, Bio Weizenflocken, Bio Reissirup, Bio Rapsöl, Bio Kokosraspeln, Bio Vollrohrzucker, Bio Reis gepufft, Meersalz.",500 g,muesli,granola,multigrain,multigrain,False,False,True,False,processed,processed,True,True,False,True,True,True
8008696028591,Crunchy Muesli Fragola e Mandorle,"Nutri Free, Nutrifree","fiocchi di grano saraceno 17,3%, miglio estruso 17,3% (miglio 31%, granella di mais, riso, zucchero di canna, sale), zucchero, farina di riso, olio di colza, fiocchi di mais (farina di mais 98%, sale), farina di _soia_, riso estruso (riso 93%, zucchero di canna, sale), cocco grattugiato disidratato 3%, fecola di patate, _mandorle_ 2,5%, amaranto soffiato 1,5%, fragole liofilizzate in pezzi 1,5%, miele 0,5%, aroma naturale di fragola, antiossidanti: ascorbil palmitato, estratto ricco in tocoferolo.",340 g,muesli,muesli,multigrain,multigrain,False,False,False,False,ultra_processed,ultra_processed,False,False,False,False,False,False
4000540011364,Kölln Müsli Nuss & Krokant,Kölln,"Vollkorn-_Haferflocken_ (67%), Nusskernmischung (_Cashewkernstücke_, _Pekannusskernstücke_ (2%), gehobelte _Mandeln_), _Hafer_-Vollkornmehl (6%), _Weizenflakes_, Sonnenblumenkerne, Zucker, Kürbiskerne (2%), Karamellsirup, gestiftelte _Mandeln_, gehackte _Haselnusskerne_, _Weizenmehl_, _Gerstenmalzextrakt_, Maisstärke, Dextrose, Speisesalz.",500 g,muesli,muesli,multigrain,oat,False,False,True,False,ultra_processed,processed,True,True,True,True,False,False
8008698002223,Corn Flakes,Schär,"Mais 93%, zucchero, sale, emulsionante: lecitina di girasole; vitamine (niacina, acido pantotenico, vitamina B6, riboflavina, tiamina, acido folico, biotina, vitamina B12).",250g ℮ 8.8 oz,corn_flakes,corn_flakes,corn,corn,True,False,False,False,ultra_processed,ultra_processed,True,True,False,False,False,False
8033520530780,Fiocchi d'avena,MaxiDì,Fiocchi di avena. Può contenere semi di sesamo.,500g,oat_cereal,oat_cereal,oat,oat,True,,True,,natural,natural,True,True,False,,False,False
7610900198344,Swiss Müesli - Classic,Emmi,"Jogurt 50 %, Früchte 30 % (Äpfel 20 %, Ananas 9 %, Bananen 1 %), Zucker, Vollkornflocken 7 % (Weizen, Dinkelweizen, Hafer), Wasser, Zitronensaftkonzentrat, Verdickungsmittel Pektin, Haselnüsse 0,1 %, natürliches Aroma.",300g,muesli,muesli,multigrain,multigrain,False,False,False,False,ultra_processed,ultra_processed,False,False,True,True,False,False
3250391635283,Muesli floconneux morceaux de fruits,"Chabrior,Intermarché,Antartic II","Céréales complètes 69% (flocons d'avoine complète, flocons de blé complet, flocons d'orge complète), mélange de fruits secs en proportion variable 30% [raisins sultanine (raisins, huile de tournesol), papayes deshydratées (papayes, sucre), lamelles de noix de coco toastées, noisettes grillées hachées, rondelles de bananes deshydratées (bananes, huile de noix de coco, sucre, arôme naturel de banane), noix du Brésil effilées, lamelles de pommes (pommes, antioxydant: acide ascorbique), amandes effilées grillées], graines de tournesol. *Les ingrédients ne sont pas français. Traces éventuelles d'arachides, lait, autres fruits à coque.",750 g,muesli,muesli,multigrain,multigrain,False,False,True,True,ultra_processed,processed,,True,True,True,False,False
8001863007313,Fiocchi di avena integrali mignon bio,Stella,Fiocchi di avena,500g,oat_cereal,oat_cereal,oat,oat,True,True,True,True,natural,natural,True,True,True,True,True,True
7772602003149,Avena Laminada,"Princesa,Simsa",Hojuela de avena.,400 g,oat_cereal,oat_cereal,oat,oat,False,True,False,False,natural,natural,True,True,False,True,False,False
5600317470050,Eveil du boudha,Iswari,"KION: Omega 3-5g/100g Omega 6-2.1g/100g Valeur Nutrifionnelle de Rererence Mélange de sarrasin moulu, graines, farine d'amande, fruits et sUcre de fleurs de coco 100% INGREDIENTS ISSUS DE L'AGRICULTURE BIOLOGIQUE: Sarrasin moulu, lucuma en poudre, chia moulue (Salvia hispanica) (10%), lin moulu, sucre de fleurs de coco, poudre de mangue lyophilisée (9%), sarrasin activé, amandes moulues (6 %), baobab en poudre (pulpe du Fruit du baobab) (3%).",414 g,,muesli,,other,False,False,True,False,processed,processed,True,True,False,True,True,True
8000113009688,Delizie al cioccolato e nocciole,"Molino Nicoli, Vitabella","Crema di cioccolato e nocciole* (35%) (zucchero*, grassi vegetali* (olio di girasole*, burro di cacao*), nocciole in pasta* (13% equivalente a 4,5% nel prodotto finito), latte scremato in polvere*, cacao magro*, emulsionante: lecitina di girasole*, estratto naturale di vaniglia*), farina di riso* (18,6%), farina di avena senza glutine* (17%), farina di mais (16,5%)*, zucchero*, sale marino, estratti vegetali (carota, zucca, ravanello, ribes nero, mela). Può contenere tracce di mandorle.",300 g,,other,,multigrain,False,False,False,False,ultra_processed,ultra_processed,False,False,False,False,True,True
8001863200134,Corn flakes biologici,Res Novae,"Farina di mais 85%, sciroppo di riso, sale",220g,corn_flakes,corn_flakes,corn,corn,True,True,False,False,processed,processed,True,True,False,False,False,True
3329483901206,Flocons de sarrasin,Markal,Sarrasin biologique,500 g,,other,,other,True,True,False,False,natural,natural,True,True,False,True,True,True
0055577105498,Harvest Crunch Apple Crumble Granola Cereal,Quaker,"WHOLE GRAIN ROLLED OATS, ROLLED WHOLE WHEAT, BROWN SUGAR, VEGETABLE OIL, MODIFIED MILK INGREDIENTS, DRIED COCONUT, APPLES, HONEY BLEND, COCONUT OIL, ALMONDS, CINNAMON, SALT, NATURAL FLAVOUR. CONTAINS OAT, WHEAT, MILK, AND ALMOND INGREDIENTS.",470 g,oat_cereal,granola,oat,multigrain,False,False,True,False,ultra_processed,ultra_processed,False,False,True,True,False,False
8480000094889,Copos de trigo integral y arroz 0% azúcares añadidos,Hacendado,"Cereales [trigo integral 65%, arroz 43%], extracto de malta de cebada, sal. Puede contener trazas de soja, productos lácteos y otros frutos de cáscara.",500 g,,mixed,,multigrain,True,True,True,,processed,processed,True,True,True,True,False,False
7771401000212,Riwis Snacks,"Riwis Snacks,Albocorp","Arroz, quinoa, edulcurantes (E-954, E-952).",250 g,,puffed_rice,,rice,False,True,False,False,ultra_processed,ultra_processed,,True,False,False,False,False
7613033149825,Nestum Trigo y Miel,"Nestlé, Nestum","Harina de trigo, azúcar, miel, carbonato de calcio, hidrogenofosfato dipotásico, vitamina C (L-ácido ascórbico), fumarato ferroso (hierro), vainillina (sabor artificial), sulfato de zinc, vitamina E (DL-acetato de alta tocofenil), culturas bífidas (Bifidobacterium Lactis), niacina (nicotinamida), vitamina B5 (pantotenato cálcico), vitamina B1 (mononitrato de tiamina), vitamina B2 (riboflavina), acetato (vitamina A), vitamina B6 (clorhidrato de piridoxina), vitamina B9 (ácido fólico), vitamina B7 (biotina), vitamina D3 (colecalciferol), vitamina B12 (cianocobalamina).",9.5 oz (270 g),,other,,wheat,False,False,False,False,ultra_processed,ultra_processed,False,False,False,False,False,False
8030582013817,Pillows con crema al cacao e nocciole,Primia,"Farine 51% (farina d'AVENA integrale, farina di FRUMENTO, farina di riso), crema al cacao e nocciole 35% (zucchero, oli vegetali (girasole, colza, palma, burro di karitè), siero di LATTE in polvere, olio di cocco, cacao in polvere 1,6%, NOCCIOLE macinate 1,0%, burro di cacao, emulsionanti: lecitine, aromi naturali), zucchero, crusca di FRUMENTO, coloranti: caroteni, estratto di paprica; sale, vitamine [tiamina, riboflavina, niacina, vitamina B6, acido folico, vitamina B121, difosfato ferrico.",375 g,chocolate_cereal,other,,multigrain,False,False,False,False,ultra_processed,ultra_processed,False,False,True,True,False,False
7802000015014,Avena integral multisemillas,Quaker,"Instantánea, pasa de uva negra (2%), manzana deshidratada en cubo (2%), semilla de linaza (1,5%), semilla de marayilla (1%) semilla de sésamo negro (1%) Para Chile: Contiene avena (gluten). Puede contener trigo, cebada, centeno (Gluten), soya, mani, nueces y sus productos. Para Paraguay: CONTIENE AVENA. PUEDE CONTENER TRIGO, CENTENO, SOJA, ALMENDRAS. Avena laminada CEBADA, MANI Y",630g,,oat_cereal,,oat,True,,True,,natural,processed,,True,True,True,False,False
7790045823094,Fibra Total 4 Fibras,Granix,"salvado de trigo, harina de trigo fortificada Ley 25630 (harina de trigo, hierro, niacina, vitamina B1, ácido fólico, vitamina B2), azúcar, harina de maíz, salvado de avena, salvado de maiz, harina de arroz integral, sal, malta torrada instantánea, colorante (INS 150d), antioxidantes (tocoferoles)",250 g,,mixed,,multigrain,False,False,True,True,ultra_processed,ultra_processed,,True,True,True,False,False
7790045001584,Copos de maíz,Granix,"Maíz, azúcar, sal, extracto de malta, antioxidante (lecitina de soja)",160 g,corn_flakes,corn_flakes,corn,corn,False,False,False,False,ultra_processed,ultra_processed,True,True,False,False,False,False
8019010417779,Fiocchi di orzo integrale,Naturasi,Fiocchi di orzo integrale biologici,500 g,,other,,other,True,True,True,True,natural,natural,True,True,True,True,True,True
4056489255499,Schoko Müsli,"Crownfield,Lidl,Brüggen","63% Hafervollkornflocken, Vollmilchschokoladenstücke (Zucker, Kakaomasse*, Vollmilchpulver, Kakaobutter*, Emulgator: Lecithine), Zartbitterschokoladenplättchen (Kakaomasse, Zucker, Kakaobutter*, Emulgator: Lecithine), Reis-Kakao-Extrudat (Reismehl, Zucker, Glukosesirup, fettarmes Kakaopulver*, Speisesalz), Knuspermüsli [Hafervollkornflocken, Zucker, Palmöl, Weizenvollkornflocken, Reis-Extrudat (Reismehl, Zucker, Weizenkleber, Malzmehl (Gerste, Weizen), Speisesalz), Kokosraspel, kakaohaltiges Getränkepulver (Zucker, fettarmes Kakaopulver*, Dextrose, Speisesalz, natürliches Aroma), Glukose-Fruktose-Sirup, natürliches Aroma], 2% Mandeldragee (Zucker, Mandeln, Invertzuckersirup, Karamellzuckersirup). Kann Spuren von anderen Schalenfrüchten, Erdnüssen, Soja, Sesam, Senf und Lupinen enthalten.",750g,chocolate_cereal,muesli,multigrain,oat,False,False,True,False,ultra_processed,ultra_processed,False,False,False,True,False,False
20503550,Knusper Klassik Hafer-Müsli,Crownfield,"55% Hafervollkornflocken, Zucker, Glukosesirup, Sonnenblumenöl, Getreide-Extrudat [Reis, Zucker, Weizenkleber, Malzmehl (Gerste, Weizen), Speisesalz, Gerstenmalzextrakt), 5% Weizenvollkornflocken, 3 % Kokosraspel, Backtriebmittel: Natriumcarbonate; Karamellzuckersirup, natürliches Aroma, Antioxidationsmittel: stark tocopherolhaltige Extrakte.",750 g,muesli,muesli,multigrain,oat,False,False,True,False,ultra_processed,ultra_processed,,True,False,True,False,False
0055577101681,Quick Oats,Quaker,Whole grain rolled oats. Contains: Oats. May contain: Wheat,2.25 kg,oat_cereal,oat_cereal,oat,oat,True,,True,,natural,processed,True,True,True,True,False,False
4337256104487,Nougat Bits,ja!,"Mehl 49% (_Weizen_, _Vollkornweizen_, Vollkornmais, Vollkornreis), Zucker, Palmöl, Rapsöl, zerkleinerte _Haselnüsse_ 4,3%, fettarmes Kakaopulver, Speisesalz, Emulgator Lecithine, natürliches Aroma.",750 g,chocolate_cereal,chocolate_cereal,,multigrain,False,False,False,False,ultra_processed,ultra_processed,True,False,True,True,False,False
3263850804915,Pétales Riz et blé complet nature,LEADER PRICE FINE LINGE,"Riz 53 % - blé complet 29 % - sucre - orge 8% - farine complète de blé - sel - farine d’orge maltée - vitamines : C, PP, B6, B2, B1, B9, B12 - fer - émulsifiant : mono - et diglycérides d’acides gras.",500 g,,puffed_rice,,multigrain,False,False,True,False,ultra_processed,ultra_processed,,False,True,True,False,False
8901499010483,Kelloggs,kellogg's,"Multigrain (66.4%) ,Wheat (24.6%),Corn Grits (15.7%), Rice(10.1%), Rolled Barley (8%), Rolled Oats (8%) ,Candied & Nuts & Dry Fruits & Seed(21%) {Candied Papaya (6%),Candied Cranberry(4%),Raisins(4%),Almonds(4%),Pumpkin Seeds(3%)},Sugar,Cereal Extract,Wheat Bran,Iodized Salt,Vitamins & Minerals,Anti Oxidants(INS 320,INS 307b)",240g,muesli,muesli,multigrain,multigrain,False,False,False,False,processed,ultra_processed,,False,False,True,False,False
7771711000438,Filipitos,"El Ceibo,Filipitos","Cobertura de chocolate con leche (Azúcar, pasta de cacao, manteca de cacao, leche entera en polvo, emulsionante (E-322), vainilla (saborizante artificial)), gritz de maíz, azúcar, glaseante (E-414), Jarabe de glucosa.",30 g,,other,,corn,False,False,False,False,ultra_processed,ultra_processed,False,False,False,False,False,False
3572420000399,Croc' Tout Choc à la pâte à tartiner,Lucien Georgelin,"Céréales 42 % (semoule de riz, semoule de _blé_ complet), pâte à tartiner à la _noisette_ du Lot et Garenne et au cacao 40 % (sucre, _noisettes_ du Lot et Garonne 6,4 %, poudre de _lait_, huile de coco, poudre de cacao 2,8 %, huile de colza, émulsifiant: lécithine de tournesol, arôme : vanille), chocolat en poudre 11 % (sucre, cacao en poudre), son de _blé_, sucre, sel, émulsifiant : mono - et diglycérides d’acides gras (colza), vitamines (niacine (B3 ou PP), B6, riboflavine (B2), thiamine (B1), acide folique (B9), B12) et fer.",375 g,chocolate_cereal,chocolate_cereal,,multigrain,False,False,True,False,ultra_processed,ultra_processed,False,False,False,True,False,False
27132593,Knusper Schoko Müsli,Granola,"Vollkorn-Haferflocken 52 %, Zucker, Palmöl, Polydextrose, Zartbitterschokolade 5 % (Zucker, Kakaomasse, Kakaobutter, Emulgator Lecithine), Getreideerzeugnis (Maisgrieß, Zucker, Weizenmehl, fettarmes Kakaopulver, Magermilchpulver, Speisesalz), Mandelscheiben 4 %, fettarmes Kakaopulver, Cornflakes 1,7 % (Maisgrieß, Zucker, Speisesalz, Gerstenmalzextrakt), Vollkorn-Weizenmehl, Speisesalz.  UTZ Certified Durch den Kauf von UTZ-zertifiziertem Kakao unterstützt PENNY den nach - Kakao haltigen Kakaoanbau. UTZ-zertifizierte Bauern setzten bessere Anbaumethoden im Hinblick auf Mensch und Umwelt ein. www.utz.org 7193762-P0869 FSC www.fsc.org MIX Verpackung aus verantwortungs - vollen Quellen 600ge 2713 2593 FSC C130504",600 g,chocolate_cereal,muesli,multigrain,multigrain,False,False,False,False,ultra_processed,ultra_processed,False,False,True,True,False,False
3263850560415,flocons avoine bio,Franprix,"Flocons d'avoine issus de l'agriculture biologique. Traces de fruits à coque, soja, graines de sésame, lait et arachides. Les informations en gras sont destinées aux personnes allergiques ou intolérantes.",500 g,oat_cereal,oat_cereal,oat,oat,True,True,True,True,natural,natural,True,True,False,True,True,True
0094331238607,Avena instantanea integral,"Granvita,Splenda","Miel y nuez: copos de avena, nuez, sal yodada, sabor a miel de calciu, goma de guar, sucralosa (40 mg / 100 g). Vainilla con almendras: hojuelas de avena, almendras, sal yodada, sabor artificial de vainilla, carbonato de calcio, goma guar, sucralosa (40 mg / 100 g).",280 g,,oat_cereal,,oat,True,False,True,False,ultra_processed,ultra_processed,False,False,True,True,False,False
4000540031881,Schoko Müsli,Kölln,"_Vollkorn-Haferflocken_ (58%), Zucker, Kakaomasse, _Hafer-Vollkornmehl_ (4%), Karamellsirup, _Weizenmehl_, _Vollmilchpulver_, Kakaobutter, gehackte _Haselnusskerne_, fettarmes Kakaopulver, _Süßmolkenpulver_, Maisstärke, _Gerstenmalzextrakt_, Invertzuckersirup, Speisesalz, Emulgator Lecithine",600 g,chocolate_cereal,muesli,multigrain,oat,False,False,True,False,ultra_processed,ultra_processed,False,False,True,True,False,False
5010029020519,Tho original swiss style muesli,"Alpen, Weetabix","Wholegrain Wheat (38 %), Wholegrain Rolled Oats (36 %), Raisins (12 %), Sugar, Skimmed Milk Powder, Milk Whey Powder, Roasted Sliced Nuts (2.5 %) (Hazelnuts & Almonds), Malted Barley Extract, Salt.",750 g,muesli,muesli,multigrain,multigrain,False,False,True,False,ultra_processed,processed,False,False,True,True,False,False
8053046002271,il crunchy avena e frutti rossi,"Alì, Casa Alí","Base croccante* [fiocchi di cereali (AVENA* 31,9%, GRANO tenero*, ORZO*), zucchero di canna*, olio di girasole*, cocco in scaglie, farina di riso, farina di GRANO tenero*, sciroppo di glucosio, miele, amido di FRUMENTO&quot;, estratto di malto d'ORZO&quot;, GLUTINE DI FRUMENTO&quot;, sale, aroma naturale di vaniglia*, sciroppo di caramello*, antiossidante: estratto ricco in tocoferolo], cereali estrusi al riso* [farine di cereali (riso*, FRUMENTO&quot;, mais*), sciroppo di riso, zucchero di canna*, sale], cereali estrusi al FARRO 5% [farina integrale di GRANO FARRO*, zucchero di canna, estratto di malto d'ORZO*, sale], Frutti rossi 3,5% [(cranberries* (cranberries, zucchero dicanna*, olio di girasole&quot;), lamponi&quot;, fragole&quot;]",300 g,muesli,granola,multigrain,multigrain,False,False,False,False,ultra_processed,ultra_processed,False,False,True,True,True,True
40897677,Hafer Flocken Zart,Crownfield,100% _Hafervollkornflocken_¹. ¹aus kontrolliert ökologischem Anbau.,500unknown,oat_cereal,oat_cereal,oat,oat,True,True,True,True,natural,natural,True,True,False,True,True,True
0035406030009,Corn Flakes Cereal,Country Barn,"DEGERMED YELLOW CORN MEAL, SUGAR, SALT, MALT BARLEY EXTRACT, VITAMINS AND MINERALS [VITAMIN C (SODIUM ASCORBATE, ASCORBIC ACID), IRON (FERROUS FUMARATE), VITAMIN A (PALMITATE), NIACINAMIDE, VITAMIN B2 (RIBOFLAVIN), VITAMIN B1 (THIAMINE MONONITRATE), VITAMIN B6 (PYRIDOXINE HYDROCHLORIDE), VITAMIN D (CHOLECALCIFEROL), VITAMIN B12 (CYANOCOBALAMIN), FOLIC ACID], BHT.",18 oz (1 lb 2 oz) 510 g,corn_flakes,corn_flakes,corn,corn,False,False,False,False,processed,ultra_processed,,True,False,False,False,False
7891000309094,Cheerios Miel,"Nestlé,Cheerios","Cereales 61.3% (Grano de maíz integral 28.4%, Harina de trigo integral 12.6%, Sémola fina de maíz 7.6%, Harina de arroz 6.3%, Harina de avena integral 3.2%, Harina de arroz integral 3.2%), Azúcar, Salvado de trigo, Miel 3.6%, Jarabe de glucosa, Jarabe de azúcar refinada, Carbonato de calcio, Aceite de palma (palmitato de ascorbilo), Sal, Jarabe de azúcar caramelizada, Vitaminas y minerales (Niacina, Pantotenato de calcio, Zinc, Vitamina B6, Vitamina B2, Ácido fólico, Hierro), Estabilizante (Fosfato trisódico), Saborizante natural a miel, Antioxidante (Concentrado de tocoferoles mixtos).",210 g,,other,,multigrain,False,False,True,False,ultra_processed,ultra_processed,False,False,True,True,False,False
00358156,Scottish porridge oats,Sainsbury's,Wholegrain _Oat_ Flakes (100%),1kg,oat_cereal,oat_cereal,oat,oat,True,True,True,True,natural,natural,True,True,True,True,False,False
5011476004411,Shredded Wheat Bitesize,Nestlé,Whole grain _wheat_ 100%,500 g,,other,,wheat,True,True,True,True,natural,natural,True,True,True,True,False,False
4000540011517,Zartes Bircher Müsli,Kölln,"_Vollkorn-Haferflocken_ (75%), getrocknete Apfelstücke, Rosinen, getrocknete und gesüßte Cranberrys (Cranberrys, Zucker), getrocknete Bananenflocken, getrocknete Dattelstücke, gehackte _Haselnusskerne_ (2%), Honig",500g,muesli,muesli,multigrain,oat,False,False,True,True,processed,processed,False,False,False,True,False,False
3256221407242,Flocons d'avoine bio,"U, U Bio","Flocons d'avoine issus de l'agriculture biologique. traces éventuelles de céréales contenant du gluten, soja, lait et fruits à coques.",500 g,oat_cereal,oat_cereal,oat,oat,True,True,True,True,natural,natural,True,True,False,True,True,True
4316268551885,"Knuspermüsli Crunchy, 30% weniger Zucker","Korn Mühle, Netto","70 % Hafervollkornflocken, Rapsöl, Glukose-Fruktose-Sirup, Weizenkeime, Reisextrudat (Reismehl, Zucker, Weizeneiweiß, Dextrose, Speisesalz, Gerstenmalzmehl), Zucker, Honig, Speisesalz. Das Produkt kann Spuren von Milch, Soja, Erdnüssen, Schalenfrüchten und Sesam enthalten.",600 g,muesli,granola,multigrain,oat,False,True,True,False,ultra_processed,ultra_processed,False,False,False,True,False,False
7613037793338,NESTLE LION Céréales 750g,"Nestlé, Lion","BLE complet 41,3%, farine de BLE, sucre, sirop de glucose, huile de palme, chocolat 3,0% (cacao maigre en poudre, pâte de cacao, sucre), LAIT concentré sucré (LAIT, sucre), carbonate de calcium, sel, arômes naturels, émulsifiant lécithines, sirop de sucre caramélisé, fer, vitamines B3, B5, D, B6, B1, B2, B9. Peut contenir des ARACHIDES et des FRUITS A COQUE.",750 g,chocolate_cereal,chocolate_cereal,,wheat,False,False,False,False,ultra_processed,ultra_processed,False,False,True,True,False,False
7501639309814,Bebida de avena orgánica,GÜD,"0,15 μα Agua, avena orgánica, crema de coco orgánico, carbonato de calcio, sal de mar, lecitina de girasol, aromatizante natural, goma gellana y mezcla de vitaminas Witamina E-alfa tocoferol, Vitamina B-riboflavina. Vitamina A-equivalentes de retinol, ácido fólico. Vitamina D, ergocalciferol, Vitamina B-cobalamina).",1L,oat_cereal,,oat,oat,True,False,False,False,ultra_processed,ultra_processed,,True,False,False,False,True
8003170063211,Muesli alla Frutta,"Conad, Verso Natura","Fiocchi d'avena* 54,8%, uva sultanina 27% (uva sultanina, olio di semi di girasole*), semi di girasole* 3,4%, frutta disidratata in pezzi 12,7% (mela* 2,7%, datteri 2,7% (datteri*, farina di riso*), albicocche 2,7% (albicocche*, farina di riso*), mirtilli rossi* 2,5%, prugna 2,1% (prugna*, amido di mais*)), mandorle* 2,1%. *da agricoltura biologica",375 g,muesli,muesli,multigrain,oat,True,True,True,True,processed,natural,True,True,False,True,True,True
3564707116169,Flocons d'Avoine,"Bio Village,Marque Repère",Flocons d'avoine*. * Ingrédient issu de l'agriculture biologique.,500 g,oat_cereal,oat_cereal,oat,oat,True,True,True,True,natural,natural,True,True,False,True,True,True
20621483,Bran Flakes,"Crownfield,Lidl","80% Shredded Wholegrain Wheat, 16% Wheat Bran, Sugar, Barley Malt Extract, Salt, Honey.",500 g,,other,,wheat,False,False,True,True,processed,processed,False,False,True,True,False,False
3564706612785,Grainéa Muesli pépites croustillantes chocolat noir,Grainéa,"Flocons d'avoine 50,7%, sucre, chocolat noir 12 % [sucre, pâte de cacao, beurre de cacao, matière grasse laitière anhydre, émulsifiant : lécithines, arôme naturel de vanille], farine de blé 7 %, flocons de blé 6,7 %, huile de tournesol, maïs 3,8 %, semoule de riz 2,1 %, sirop de glucose, noix de coco en poudre, extrait de malt d'orge, sel, arôme naturel, caramel (sucre, eau), farine de malt de blé, émulsifiant : E471, antioxydant: extrait riche en tocopherols, sucre caramélisé en poudre. Traces de: fruits à coque et soja.",500g,chocolate_cereal,muesli,multigrain,multigrain,False,False,True,False,ultra_processed,ultra_processed,False,False,False,False,False,False
3273120026923,Muesli Super Fruits et Graines de Chia,Celnat,"Flocons de céréales* (avoine*, seigle* toasté, orge*, sarrasin*), raisins* (14%) (avec huile de tournesol*), cranberry* (9,5%), noisettes toastées*, graines de chia* (2%), myrtilles* (1%), mûres* (1%), framboises*, groseilles*. (*)issus de l’Agriculture Biologique. 30% de fruits secs. Traces possibles de soja, sésame, autres fruits à coques.",375 g,muesli,muesli,multigrain,multigrain,False,False,True,False,processed,processed,True,True,False,True,True,True
4021234101246,Krunchy Low Sugar Crazy Nuts,Barnhouse,"_Hafervollkornflocken_ 61%, Tapiokasirup, Sonnenblumenöl, Ballaststoff aus Zichorienwurzel 9%, Dinkel (_Weizenart_) gepufft, _Cashewkerne_ 4,6%, _Haselnüsse_ 4%, Kokoschips 3,5%, Meersalz",375 g,muesli,granola,multigrain,oat,True,True,True,True,ultra_processed,processed,True,True,False,True,True,False
3700496306019,Muesli abricot,Country Farm,"BARRE DE CEREALES À L'ABRICOT, AROMATISÉE - INGRÉDIENTS POUR : Céréales 49,5%,(flocons d'avoine,farine de blé) sirop de glucose, abricot 9% (abricot, farine de riz, conservateur: anhydride sulfureux), huile de tournesol, stabilisant: sorbitols, dextrose, sucre, sel, colorant: caramel ordinaire, arôme, antioxydant: extrait riche en tocophérols, émulsifiant: lécithines de soja. Allergènes : Fabriqué dans un atelier qui utilise : lait, arachides et fruits à coque.",22 g,muesli,muesli,multigrain,multigrain,False,False,False,False,ultra_processed,ultra_processed,,False,False,False,False,False
3421557112089,Muesli Sarrasin,Grillon d'or,"whole buckwheat flakes* 47%, rice syrup,quot,, buckwheat flakes* 14%, puffed buckwheat* 8,8%, kasha* 8,3%, honey* 8,2%, dried apples* 8%, *ingredients from organic farming, made in a place which uses nuts, soybeans, sesame seeds, milk and peanuts,",500g,muesli,muesli,multigrain,other,False,False,False,False,processed,processed,False,False,False,True,True,True
8004263696316,Muesli cioccolato,Pam & Panorama,"Fiocchi d'avena 40,6%, zucchero, cioccolato in fiocchi 12% (zucchero, massa di cacao, cacao magro in polvere, burro di cacao, agenti di rivestimento: gomma arabica; gommalacca), cereali croccanti 8% (farina di riso, zucchero, _orzo_, _avena_, _segale_, farina di _frumento_, estratto di malto d'orzo, sale), olio di semi di girasole, cocco disidratato, farine integrali (_frumento_, _segale_), _nocciole_ tostate spezzate 2,5%, _mandorle_ a fette 2%, cacao magro in polvere, germe di _frumento_, miele, cioccolato in polvere 0,4% (zucchero, pasta di cacao, cacao magro in polvere, aroma naturale di vaniglia), sale. Può contenere _soia_, _latte_ e _senape_.",375 g,chocolate_cereal,muesli,multigrain,multigrain,False,False,True,False,ultra_processed,ultra_processed,False,False,True,True,False,False
7613287354150,Chocapic,"Nestlé,Chocapic","Granos de Cereal 65 % [Harina de Maíz Integral 25.3%, Harina de Trigo 21 %, Harina de Trigo Integral 18.7%], Azúcar, Cacao en polvo 6.5%, Extracto de Malta (Cebada), Aceite de palma fraccionado, Vitaminas y Minerales (Carbonato de Calcio, Niacina, Óxido de zinc, Pantotenato de Calcio, Hierro reducido, Vitamina B1, Vitamina B6, Vitamina B2, Ácido Fólico), Emulsionante (Fosfato dicálcico), Sal, Licor de Cacao 0.5%, Saborizante artificial (Vainillina), Antioxidante (Concentrado de Tocoferoles Mixtos).",720 g,chocolate_cereal,chocolate_cereal,,multigrain,True,False,False,False,ultra_processed,ultra_processed,,False,True,True,False,False
3229820792958,Porridge 3 Céréales,Bjorg,"Flocons d'_avoine_* 60 %, flocons de _blé_* 20 %, flocons d'_épeautre_* 20 %. *Ingrédient biologique.",375 g,oat_cereal,oat_cereal,,multigrain,True,True,True,False,natural,natural,True,True,False,True,True,True
9311898198726,"Breakfast Muesli - Almonds, Cashews, Macadamias & Walnuts",Sunsol Natural,"Oats, Wheat, Cashews (12%), Barley, Sunflower Kernels, Triticale, Bran Straws (Wheat Bran, Wheat Flour, Vegetable Oil, Emulsifier (471), Salt, Linseeds, Pepitas, Almonds (2%). Macadamias (2%), Wainuts (2%1. ALLERGEN ADVICE Contains Tree Nuts and Gluten. May be present: Peanuts, Sesame Seeds and other Tree Nuts.",500g,muesli,muesli,multigrain,multigrain,True,,True,,ultra_processed,processed,,True,False,False,False,False
7772602000148,Avena,"Princesa,Simsa",Hojuela de avena.,450 g,oat_cereal,oat_cereal,oat,oat,False,True,False,False,natural,natural,True,True,False,True,False,False
4316268552394,Müsli Früchte Vollkorn,"Korn Mühle, Netto","22% Rosinen, 21% _Hafervollkornflocken_, 20,7% _Weizenvollkornflocken, 20% _Roggenvollkornflocken_, 5,2% getrocknete Dattelstücke, 3% gezuckerte Bananenchipsstücke (69% Bananen, Kokosnussöl, Zucker), 2,0% Cornflakes (Mais, _Gerstenmalzextrakt_), Leinsamen, Sonnenblumenkerne, _Haselnusskerne_, 0,3% getrocknete Apfelstücke, 0,3% getrocknete Aprikosenstücke, 0,3% getrocknete Feigenstücke, 0,3% getrocknete Pflaumenstücke, 0.3% getrocknete Birnenstücke, 0,3% getrocknete Pfirsichstücke.",1000g,muesli,muesli,multigrain,multigrain,False,False,True,True,processed,processed,True,False,True,True,False,False
8422584013122,Copos gruesos de avena integral,"Ecocesta,Biogran","Copos de avena integrales* (100%), (* Ingredientes procedentes de la agricultura ecológica),",500 g,oat_cereal,oat_cereal,oat,oat,True,True,True,True,natural,natural,True,True,True,True,True,True
8002816801279,Corn flakes,"Activity,Lameri","fiocchi di avena* 44,8%, zucchero di canna*, gocce di cioccolato fondente* 10% (zucchero di canna*, pasta di cacao*, burro di cacao*, estratto di vaniglia*), olio di semi di girasole* alto oleico, fiocchi di frumento* 6%, frumento duro soffiato* 5,3%, Cocco disidratato in scaglie*, semi di chia* 2,4%, estruso quinoa* 2% (farina di quinoa* 43%, farina di riso*, farina di mais*, zucchero di canna*, sale), semi di girasole*, miglio soffiato* 1,3%, zucchero caramellato*, sale. *biologico. Contiene glutine",400 g,corn_flakes,granola,corn,multigrain,False,False,True,False,ultra_processed,processed,,True,False,True,True,True
20621353,Choco Moons,"Crownfield,Lidl,Nordgetreide","52 % Weizenvollkornmehl, Zucker, 22 % Maisgrieẞ, 6 % fettarmer Kakao, Glukosesirup, Speisesalz, natürliche Aromen, Kann Spuren von anderen glutenhaltigen Getreiden, Schalenfrüchten, Erdnüssen, Soja und Milch enthalten,",750g,chocolate_cereal,chocolate_cereal,,wheat,False,False,True,False,ultra_processed,ultra_processed,True,True,False,True,False,False
4000540000306,Kernige Haferflocken,Kölln,100% Vollkorn-Hafer,500g,oat_cereal,oat_cereal,oat,oat,True,True,True,True,natural,natural,True,True,True,True,False,False
3387390333008,"Kellogs, Cini Minis",Nestlé,"33,7% VOLLKORNWEIZENMEHL, Reismehl, Zucker, Glukosesirup, Sonnenblumenöl, Füllstoff (Calciumcarbonat), WEIZENSTÄRKE, Salz, 0,4% Zimt, natürliche Aromen, Emulgator (Lecithine), Antioxidationsmittel (stark tocopherolhaltige Extrakte), geröstetes GERSTENMALZEXTRAKT, Farbstoff (Annatto Norbixin), Eisen, Niacin, Pantothensäure, Vitamin D, Vitamin B6, Thiamin (Vit. B1), Riboflavin (Vit. B2), Folsäure. Kann MILCH und NÜSSE enthalten.",375 g,muesli,chocolate_cereal,multigrain,wheat,False,False,True,False,ultra_processed,ultra_processed,,False,True,True,False,False
3229820798110,Granola Chocolat,Bjorg,"Flocons d'avoine complètes 71%, sucre de canne non raffiné, huile de tournesol, chocolat noir 5% (pâte de cacao, sucre de canne non raffiné, beurre de cacao), riz extrudé (au chocolat noir) 3% (chocolat noir (pâte de cacao, sucre de canne non raffiné, beurre de cacao), farine complète de riz), poudre de cacao maigre 2,5%, inuline, antioxydant : extrait riche en tocophérols.",350 g,chocolate_cereal,granola,multigrain,oat,False,False,True,False,ultra_processed,ultra_processed,,True,False,True,True,False
3273120019963,Flocons de Millet (J),Celnat,Flocons de Millet bio,350 g,,other,,other,True,True,True,False,natural,processed,True,True,False,True,True,True
0042400124962,Cereal,"MOM Brands, Malt O Meal","Sugar, corn flour, wheat flour, whole grain oat flour, corn syrup, salt, calcium carbonate, maltodextrin, apple juice concentrate, apple solids, cinnamon, dextrose, modified cornstarch, yellow 6, baking soda, corn syrup solids, red 40, yellow 5, blue 1, natural flavor, bht added to preserve freshness. vitamins and minerals: ferric orthophosphate (source of iron), niacinamide (vitamin b3), zinc oxide, thiamin mononitrate (vitamin b1), calcium pantothenate (vitamin b5), pyridoxine hydrochloride (vitamin b6), folic acid.",354 g,,other,,multigrain,False,False,False,False,ultra_processed,ultra_processed,,True,True,False,False,False
8410188012092,Kelloggs corn flakes the original,Kellogg's,"Mais, estratto di malto d'_orzo_, zucchero, sale, niacina, ferro, vitamina B6, riboflavina, tiamina, acido folico, vitamina D, vitamina B12.",500 g,corn_flakes,corn_flakes,corn,corn,False,False,False,False,processed,ultra_processed,,True,False,False,False,False
4083900042505,Unser Bestes fruchtig lecker,granoVita,"Vollkornhaferflocken, Trockenfrüchte 35% (Rosinen [Rosinen, Sonnenblumenöl], Dattelstücke, gefriergetrocknete Erdbeerstücke [ gefriergetrocknete Erdbeeren, Sonnenblumenöl], Apfelstücke, Birnenstücke, Aprikosenstücke, Pfirsichstücke, Plaumenstücke), Mandeln 6%, Vollkornweizenflocken, Leinsamen 5%, Sonnenblumenkerne, Kokosnusschips, Vollkornweizenknusperflocken (Weizenschrot, Weizenmehl), Maracujasaftpulver, (Maltodextrin, Maracujasaftkonzentrat), Orangensaftpulver (Maltodextrin, Orangensaftkonzentrat, Säuerungsmittel: Citronensäure), Weizenkeime, Maisstärke, Reismehl.",1000 g,muesli,muesli,multigrain,multigrain,True,True,True,True,ultra_processed,processed,,True,True,True,False,False
4008391003712,Müsli Verlieb' Dich,Seitenbacher,"Vollkorn-Haferflocken, 10% Schokolade: Milchschokoladenflocken (Rohrzucker, Kakaobutter, Vollmilchpulver, Kakaopulver, Rapslecithin), Schokoladenflocken (Rohrzucker, Kakaomasse, Kakaopulver stark entölt, Rapslecithin, Kakaobutter), Sojaflakes (Maismehl, Sojamehl, Ahornsirup, Meersalz), 7% Früchte: Sauerkirschenhälften*, Heidelbeeren*, Kakaostücke, Mandelblättchen, Reis gepufft. *gefriergetrocknet",500 g,muesli,muesli,multigrain,oat,False,False,True,False,processed,ultra_processed,False,False,True,True,False,False
8028129003568,müsli cioccolato,viologic,"Fiocchi d'avena 48%, fiocchi di frumento, cioccolato fondente 10% (massa di cacao, zucchero di canna grezzo, burro di cacao, lecitina di girasole), cioccolato al latte intero 8% (zucchero di canna grezzo, latte intero in polvere, massa di cacao, burro di cacao, siero di latte dolce in polvere, lecitina di girasole), pezzi di cioccolato 5% (farina di frumento, farina integrale di frumento, zucchero di canna grezzo, massa di cacao, burro di cacao, olio di girasole, cacao in polvere, farina di riso, farina di malto d'orzo, sale marino, vaniglia Bourbon in polvere). Può contenere frutta a guscio, sesamo e soia.",375g,chocolate_cereal,muesli,multigrain,multigrain,False,False,True,False,ultra_processed,ultra_processed,False,False,True,False,True,False
8017596129734,Granola croccante con frutta e frutta secca,"Tre Mulini, Eurospin","Muesli (fiocchi d'AVENA integrale 42%, zucchero, estruso di riso e FRUMENTO 12% (farina di FRUMENTO, amido di mais, farina di malto d'ORZO, farina di riso, sale, farina di malto d'ORZO e FRUMENTO), olio di semi di girasole, farina di FRUMENTO, sale, sciroppo di zucchero caramellato, cocco grattugiato, antiossidante: estratto ricco di tocoferolo], mix di frutta disidratata 19% [uvetta disidratata 8%, banana disidratata e zuccherata 3,5% (banana 2%, olio di cocco, zucchero), mirtilli rossi disidratati e zuccherati 3% (mirtilli rossi 1,9%, zucchero, olio di semi di girasole), pezzi di mela disidratata 25%, cocco zuccherato 2% (cocco 1,6%, zucchero)], MANDORLE 3%, NOCCIOLE 2,5%. Può contenere tracce di ARACHIDI, altra FRUTTA A GUSCIO, SEMI DI SESAMO, LATTE, SOIA, SENAPE e LUPINI.",375g,muesli,granola,multigrain,oat,False,False,True,False,processed,ultra_processed,False,False,True,True,False,False
5000108030904,Jumbo Oats,Quaker,100% Rolled Oats.,1kg,oat_cereal,oat_cereal,oat,oat,True,True,True,True,natural,natural,True,True,False,True,False,False
9310060100130,Vitabrits,Uncle Tobys,"Wheat 99%, Salt",1 kg,,other,,wheat,False,True,False,False,processed,processed,True,True,False,False,False,False
9004617063145,Bio-Hafer Crunchy,Verival,"_Haferflocken_ 59%, Rohrohrzucker, high-oleic Sonnenblumenöl, Kokosraspel, Vollkornreiscrispies, Salz.",375 g,,granola,,oat,False,False,True,False,processed,processed,,True,True,True,True,True
3111900350335,Muesli Croustillant Nature,Favrichon,"Céréales* complètes 70,3% (flocons d'avoine* 54,2%, riz&quot;), sucre de canne* non raffiné, huile de tournesol*, noix de coco* râpée. *Ingrédients issus de l'agriculture biologique. Souligné: ingrédients issus du commerce équitable. En gras: allergènes. Peut contenir des traces de lait et de fruits à coque.",500 g,muesli,granola,multigrain,oat,False,False,True,False,processed,processed,True,True,False,True,True,True
4061461161705,Double Oat Granola,Kavanaghs,"JUMBO OATS (45%), HONEY (16%), PUFFED OATS (9%), Rapeseed Oil, SUNFLOWER SEEDS (6%), PECAN NUTS (3%), PUMPKIN SEEDS (3%), HAZELNUTS (3%), MILLED FLAX SEEDS (3%), FLAKED ALMONDS (2%), Barley Malt Extract. ALLERGY ADVICE: For allergens, including cereals containing gluten, see ingredients in bold. May also contain other nuts. DIETARY ADVICE: Suitable for vegetarians. WARNING: Although every effort has been made to remove shell, stones and stalk some small fragments may remain. Small children can choke on nuts. BEST BEFORE: See back of pack",500 g,muesli,granola,multigrain,oat,False,False,True,False,processed,processed,False,False,False,True,False,False
7791078022713,Bocaditos de Cereales con Avena y Trigo,GRANIX,"Relleno sabor avellana (Azúcar, Aceite de palma, Sólidos lácteos, Maltodextrina, Castañas de cajú, Cacao en polvo, Emulsionante: [INS 322, INS 476], Saborizante y Aromatizante artificial), Harina de trigo enriquecida ley N° 25.630 (Harina de trigo, Hierro, Niacina, Vitamina B1, Acido Fólico, Vitamina B2), Harina de Avena, Salvado de Trigo, Azúcar, Harina de Maíz, Extracto de Malta, Sal, Antioxidante (Tocoferoles)",180g,,other,,multigrain,False,False,False,False,ultra_processed,ultra_processed,False,False,False,False,False,False
20052454,Corn Flakes,Crownfield,"94% crushed corn grains, sugar, table salt",500 g,corn_flakes,corn_flakes,corn,corn,False,False,False,False,processed,ultra_processed,True,True,False,False,False,False
3273120010823,Flocons de seigle,"Celnat, Celnat S.A.",Flocons de _seigle_ bio,500 g,,other,,other,True,True,True,False,natural,processed,True,True,False,True,True,True
3421557500985,Ka'ré chocolat noisette,"Céréco,Grillon d'Or","Fourrage chocolat noisette* 35% (sucre de canne*, chocolat 5,8% (sucre de canne&quot;, beurre de cacao&quot;, cacao maigre&quot;), noisettes* 5,6%, huile de tournesol, poudre de lait écrémé*, cacao maigre*, beurre de cacao&quot;, émulsifiant : lecithine de tournesol&quot;, extrait de vanille&quot;), maïs, blé complet* 24%, sucre de canne&quot;, avoine complète, cacao maigre, sel. *Ingrédients issus de l'Agriculture Biologique. Traces possibles d'autres fruits à coque, de soja, de graines de sésame, d'arachide, de moutarde et de lupin.",500 g,chocolate_cereal,chocolate_cereal,,multigrain,False,False,True,False,ultra_processed,ultra_processed,False,False,True,True,True,True
9310055101432,Crunchy Nut Corn Flakes,Kellogg's,"Corn (54%), sugar, peanuts (7%), honey (2%), molasses, salt, barley malt extract, vitamins (vitamin C, vitamin E, niacin, thiamin, riboflavin, folate), minerals (iron, zinc oxide). CONTAINS CEREALS CONTAINING GLUTEN AND PEANUTS. MAY CONTAIN TRACES OF TREE NUTS",670g,,corn_flakes,,corn,False,False,False,False,processed,ultra_processed,False,False,False,False,False,False
8480012000939,Copos de Maíz (Ifa Eliges),"Eliges,IFA","Maíz (99%), azúcar, extracto de malta de cebada, sal, emulgente (mono  y diglicéridos de ácidos grasos), vitaminas (niacina, ácido pantoténico, vitamina B6, riboflavina, tiamina, ácido fólico, biotina, vitamina B12) y hierro.",500 g,corn_flakes,corn_flakes,corn,corn,False,False,False,False,ultra_processed,ultra_processed,,False,False,False,False,False
9310055536517,Crispy flakes of whole wheat and wheat bran,Kellogg's All-Bran,"Whole grain wheat (53%), wheat bran (35%), sugar, barley malt extract, salt, minerals (iron, zinc oxide), vitamins (niacin, vitamin B6, riboflavin, folate).",330g,,other,,wheat,False,False,True,True,processed,processed,,True,True,True,False,False
